,Temperature_C,Humidity_pct,Rainfall_mm,AQI
count,1825.0,1825.0,1825.0,1825.0
mean,25.538224657534247,60.11131506849315,4.085490410958904,58.96657534246575
std,7.280594575496354,11.59441260445969,10.117304054444984,31.010953790342892
min,10.67,28.22,0.0,0.0
25%,19.0,50.41,0.0,32.0
50%,25.6,59.8,0.0,58.0
75%,32.2,70.06,1.83,85.0
max,40.74,88.22,78.11,131.0
